_id,name
644acdf0a6ac80d10e860528,New York
644acdf0a6ac80d10e860529,California
644acdf0a6ac80d10e86052a,Illinois
644acdf0a6ac80d10e86052b,Florida
644acdf0a6ac80d10e86052c,Texas
644acdf0a6ac80d10e86052d,Pennsylvania
644acdf0a6ac80d10e86052e,Georgia
644acdf0a6ac80d10e86052f,District of Columbia
644acdf0a6ac80d10e860530,Massachusetts
644acdf0a6ac80d10e860531,Arizona
644acdf0a6ac80d10e860532,Michigan
644acdf0a6ac80d10e860533,Washington
644acdf0a6ac80d10e860534,Minnesota
644acdf0a6ac80d10e860535,Colorado
644acdf0a6ac80d10e860536,Maryland
644acdf0a6ac80d10e860537,Nevada
644acdf0a6ac80d10e860538,Missouri
644acdf0a6ac80d10e860539,Oregon
644acdf0a6ac80d10e86053a,Puerto Rico
644acdf0a6ac80d10e86053b,Ohio
644acdf0a6ac80d10e86053c,Indiana
644acdf0a6ac80d10e86053d,North Carolina
644acdf0a6ac80d10e86053e,Virginia
644acdf0a6ac80d10e86053f,Wisconsin
644acdf0a6ac80d10e860540,Rhode Island
644acdf0a6ac80d10e860541,Utah
644acdf0a6ac80d10e860542,Tennessee
644acdf0a6ac80d10e860543,Kentucky
644acdf0a6ac80d10e860544,Oklahoma
644acdf0a6ac80d10e860545,Connecticut
644acdf0a6ac80d10e860546,Louisiana
644acdf0a6ac80d10e860547,Hawaii
644acdf0a6ac80d10e860548,Nebraska
644acdf0a6ac80d10e860549,New Mexico
644acdf0a6ac80d10e86054a,Alabama
644acdf0a6ac80d10e86054b,South Carolina
644acdf0a6ac80d10e86054c,Iowa
644acdf0a6ac80d10e86054d,Kansas
644acdf0a6ac80d10e86054e,Arkansas
644acdf0a6ac80d10e86054f,Idaho
644acdf0a6ac80d10e860550,Mississippi
644acdf0a6ac80d10e860551,New Jersey
644acdf0a6ac80d10e860552,Alaska
644acdf0a6ac80d10e860553,New Hampshire
644acdf0a6ac80d10e860554,Maine
644acdf0a6ac80d10e860555,North Dakota
644acdf0a6ac80d10e860556,West Virginia
644acdf0a6ac80d10e860557,South Dakota
644acdf0a6ac80d10e860558,Delaware
644acdf0a6ac80d10e860559,Montana
644acdf0a6ac80d10e86055a,Vermont
644acdf0a6ac80d10e86055b,Wyoming
644acdf0a6ac80d10e86055c,Ontario
644acdf0a6ac80d10e86055d,Quebec
644acdf0a6ac80d10e86055e,British Columbia
644acdf0a6ac80d10e86055f,Alberta
644acdf0a6ac80d10e860560,Manitoba
644acdf0a6ac80d10e860561,Nova Scotia
644acdf0a6ac80d10e860562,Saskatchewan
644acdf0a6ac80d10e860563,Newfoundland and Labrador
644acdf0a6ac80d10e860564,New Brunswick
644acdf0a6ac80d10e860565,Prince Edward Island
644acdf0a6ac80d10e860566,Yukon
644acdf0a6ac80d10e860567,Northwest Territories
644acdf0a6ac80d10e860568,Nunavut
644acdf0a6ac80d10e860569,Delhi
644acdf0a6ac80d10e86056a,Mahārāshtra
644acdf0a6ac80d10e86056b,West Bengal
644acdf0a6ac80d10e86056c,Karnātaka
644acdf0a6ac80d10e86056d,Tamil Nādu
644acdf0a6ac80d10e86056e,Telangana
644acdf0a6ac80d10e86056f,Gujarāt
644acdf0a6ac80d10e860570,Uttar Pradesh
644acdf0a6ac80d10e860571,Rājasthān
644acdf0a6ac80d10e860572,Madhya Pradesh
644acdf0a6ac80d10e860573,Andhra Pradesh
644acdf0a6ac80d10e860574,Bihār
644acdf0a6ac80d10e860575,Punjab
644acdf0a6ac80d10e860576,Jharkhand
644acdf0a6ac80d10e860577,Haryāna
644acdf0a6ac80d10e860578,Jammu and Kashmīr
644acdf0a6ac80d10e860579,Chhattīsgarh
644acdf0a6ac80d10e86057a,Chandīgarh
644acdf0a6ac80d10e86057b,Assam
644acdf0a6ac80d10e86057c,Odisha
644acdf0a6ac80d10e86057d,Kerala
644acdf0a6ac80d10e86057e,Uttarakhand
644acdf0a6ac80d10e86057f,Tripura
644acdf0a6ac80d10e860580,Mizoram
644acdf0a6ac80d10e860581,Manipur
644acdf0a6ac80d10e860582,Puducherry
644acdf0a6ac80d10e860583,Himāchal Pradesh
644acdf0a6ac80d10e860584,Meghālaya
644acdf0a6ac80d10e860585,Andaman and Nicobar Islands
644acdf0a6ac80d10e860586,Sikkim
644acdf0a6ac80d10e860587,Nāgāland
644acdf0a6ac80d10e860588,Arunāchal Pradesh
644acdf0a6ac80d10e860589,Goa
644acdf0a6ac80d10e86058a,Dādra and Nagar Haveli
644acdf0a6ac80d10e86058b,Damān and Diu
644acdf0a6ac80d10e86058c,Lakshadweep